,state,id,city
81,Delhi,2,Delhi
282,Maharashtra,3,Mumbai
385,Tamil Nadu,5,Chennai
178,Karnataka,6,Bengaluru
186,Karnataka,368,Gadag
291,Maharashtra,7,Pune
5,Andhra Pradesh,8,Hyderabad
423,Tripura,9,Agartala
92,Gujarat,10,Ahmedabad
110,Gujarat,10,Rajkot
304,Mizoram,11,Aizwal
114,Haryana,12,Ambala
221,Madhya Pradesh,13,Bhind
222,Madhya Pradesh,13,Bhopal
230,Madhya Pradesh,13,Dindori
235,Madhya Pradesh,13,Indore
247,Madhya Pradesh,13,Raisen
249,Madhya Pradesh,13,Ratlam
314,Odisha,14,Bhubhaneswar
60,Chandigarh,15,Chandigarh
489,Uttarakhand,16,Dehradun
381,Sikkim,17,Gangtok
19,Assam,18,Guwahati
299,Manipur,19,Imphal
15,Arunachal Pradesh,20,Itanagar
367,Rajasthan,21,Jaipur
145,Jammu and Kashmir,22,Jammu
146,Jammu and Kashmir,22,Kargil
154,Jammu and Kashmir,22,Shopian
339,Punjab,23,Jalandhar
306,Nagaland,24,Kohima
441,Uttar Pradesh,25,Deoria
463,Uttar Pradesh,25,Lucknow
91,Goa,26,Panjim
26,Bihar,27,Araria
27,Bihar,27,Arrah
51,Bihar,27,Patna
328,Pondicherry,28,Pondicherry
0,Andaman and Nicobar Islands,29,Port Blair
76,Chhattisgarh,30,Raipur
173,Jharkhand,31,Ranchi
302,Meghalaya,32,Shillong
139,Himachal Pradesh,33,Shimla
155,Jammu and Kashmir,34,Srinagar
215,Kerala,35,Trivandrum
94,Gujarat,36,Anand
99,Gujarat,36,Gandhinagar
474,Uttar Pradesh,37,Noida
448,Uttar Pradesh,39,Ghaziabad
452,Uttar Pradesh,39,Hardoi
82,Delhi,40,Gurgaon
296,Maharashtra,41,Thane
286,Maharashtra,42,Nashik
287,Maharashtra,42,Navi Mumbai
288,Maharashtra,42,Osmanabad
373,Rajasthan,45,Kota
228,Madhya Pradesh,46,Dewas
262,Madhya Pradesh,47,Ujjain
232,Madhya Pradesh,48,Gwalior
195,Karnataka,49,Mysore
111,Gujarat,51,Surat
109,Gujarat,52,Porbandar
113,Gujarat,53,Vadodara
96,Gujarat,58,Bhavnagar
106,Gujarat,62,Navsari
79,Dadra and Nagar Haveli,65,Silvassa
116,Haryana,68,Faridabad
424,Uttar Pradesh,72,Agra
341,Punjab,73,Ludhiana
193,Karnataka,75,Mandya
194,Karnataka,75,Mangalore
283,Maharashtra,76,Nagpur
446,Uttar Pradesh,77,Firozabad
280,Maharashtra,78,Kolhapur
290,Maharashtra,81,Pimpri
281,Maharashtra,83,Latur
322,Odisha,84,Nayagarh
4,Andhra Pradesh,85,Guntur
307,Odisha,86,Angul
321,Odisha,86,Malkangiri
320,Odisha,87,Koraput
317,Odisha,88,Gajapati
325,Odisha,89,Rayagada
313,Odisha,90,Bhawanipatna
324,Odisha,91,Puri
315,Odisha,92,Cuttack
316,Odisha,93,Dhenkanal
323,Odisha,95,Phulbani
308,Odisha,96,Balangir
310,Odisha,97,Bargarh
326,Odisha,98,Sambalpur
318,Odisha,99,Jharsuguda
327,Odisha,100,Sundargarh
312,Odisha,101,Bhadrak
309,Odisha,102,Balasore
319,Odisha,103,Kendujhar
311,Odisha,104,Baripada
330,Puducherry,105,Yanam
329,Puducherry,106,Karaikal
305,Nagaland,107,Dimapur
342,Punjab,108,Mansa
348,Punjab,108,Sangrur
333,Punjab,109,Bathinda
335,Punjab,110,Fazilka
303,Meghalaya,111,Tura
345,Punjab,112,Muktsar
2,Andhra Pradesh,113,Chittoor
301,Meghalaya,114,Nongstoin
334,Punjab,115,Faridkot
343,Punjab,116,Moga
10,Andhra Pradesh,117,Nellore
336,Punjab,118,Firozpur
300,Meghalaya,119,Jowai
332,Punjab,120,Barnala
6,Andhra Pradesh,121,Kadapa
1,Andhra Pradesh,123,Anantapur
347,Punjab,124,Patiala
8,Andhra Pradesh,125,Kurnool
11,Andhra Pradesh,126,Ongole
9,Andhra Pradesh,127,Machilipatnam
344,Punjab,128,Mohali
3,Andhra Pradesh,130,Eluru
7,Andhra Pradesh,132,Kakinada
206,Kerala,133,Kasaragod
13,Andhra Pradesh,134,Vizag
14,Andhra Pradesh,135,Vizianagaram
12,Andhra Pradesh,136,Srikakulam
24,Assam,137,Silchar
16,Assam,138,Barpeta
205,Kerala,139,Kannur
22,Assam,140,Nalbari
21,Assam,141,Nagaon
25,Assam,142,Tezpur
18,Assam,143,Golaghat
20,Assam,144,Jorhat
204,Kerala,145,Kalpetta
23,Assam,146,Sibsagar
17,Assam,147,Dibrugarh
209,Kerala,148,Kozhikode
210,Kerala,149,Malappuram
28,Bihar,150,Aurangabad
37,Bihar,151,Gaya
54,Bihar,152,Sasaram
211,Kerala,153,Palakkad
214,Kerala,154,Thrissur
349,Punjab,155,Shahid Bhagat Singh Nagar
350,Punjab,155,Tarn Taran Sahib
340,Punjab,156,Kapurthala
351,Rajasthan,157,Ajmer
338,Punjab,158,Hoshiarpur
331,Punjab,159,Amritsar
337,Punjab,160,Gurdaspur
346,Punjab,161,Pathankot
382,Sikkim,162,Geyzing
383,Sikkim,163,Namchi
203,Kerala,164,Kakkanad
492,Uttarakhand,165,New Tehri
207,Kerala,166,Kollam
490,Uttarakhand,167,Haridwar
208,Kerala,168,Kottayam
488,Uttarakhand,169,Almora
491,Uttarakhand,170,Nainital
202,Kerala,171,Alappuzha
494,Uttarakhand,172,Rudrapur
493,Uttarakhand,173,Pithoragarh
40,Bihar,174,Jehanabad
50,Bihar,175,Nawada
33,Bihar,176,Bihar Sharif
34,Bihar,176,Buxar
213,Kerala,177,Pathanamthitta
42,Bihar,178,Khagaria
55,Bihar,178,Sheikhpura
39,Bihar,179,Jamui
29,Bihar,180,Banka
32,Bihar,181,Bhagalpur
44,Bihar,182,Lakhisarai
30,Bihar,183,Begusarai
48,Bihar,184,Munger
41,Bihar,186,Katihar
52,Bihar,187,Purnia
43,Bihar,188,Kishanganj
59,Bihar,190,Supaul
45,Bihar,191,Madhepura
53,Bihar,192,Samastipur
36,Bihar,193,Darbhanga
171,Jharkhand,194,Pakur
46,Bihar,195,Madhubani
57,Bihar,196,Sitamarhi
56,Bihar,197,Sheohar
49,Bihar,198,Muzaffarpur
38,Bihar,199,Hajipur
47,Bihar,200,Motihari
165,Jharkhand,201,Godda
31,Bihar,202,Bettiah
58,Bihar,203,Siwan
35,Bihar,204,Chapra
162,Jharkhand,206,Dumka
160,Jharkhand,208,Deoghar
164,Jharkhand,209,Giridih
161,Jharkhand,210,Dhanbad
157,Jharkhand,211,Bokaro
169,Jharkhand,212,Koderma
167,Jharkhand,213,Hazaribagh
172,Jharkhand,214,Ramgarh
170,Jharkhand,215,Lohardaga
166,Jharkhand,216,Gumla
159,Jharkhand,217,Daltonganj
163,Jharkhand,218,Garhwa
158,Jharkhand,219,Chaibasa
168,Jharkhand,220,Jamshedpur
371,Rajasthan,221,Jodhpur
375,Rajasthan,222,Pali
369,Rajasthan,223,Jalore
378,Rajasthan,224,Sirohi
380,Rajasthan,225,Udaipur
374,Rajasthan,226,Nagaur
358,Rajasthan,227,Bikaner
365,Rajasthan,228,Ganganagar
366,Rajasthan,229,Hanumangarh
364,Rajasthan,230,Dungarpur
353,Rajasthan,231,Banswara
361,Rajasthan,232,Churu
370,Rajasthan,233,Jhunjhunu
357,Rajasthan,237,Bhilwara
360,Rajasthan,238,Chittorgarh
354,Rajasthan,239,Baran
359,Rajasthan,241,Bundi
376,Rajasthan,242,Sawai Madhopur
377,Rajasthan,242,Sikar
379,Rajasthan,243,Tonk
372,Rajasthan,244,Karauli
363,Rajasthan,245,Dholpur
356,Rajasthan,246,Bharatpur
352,Rajasthan,247,Alwar
362,Rajasthan,248,Dausa
67,Chhattisgarh,249,Jagdalpur
64,Chhattisgarh,250,Dantewada
70,Chhattisgarh,251,Kanker
65,Chhattisgarh,252,Dhamtari
77,Chhattisgarh,253,Rajnandgaon
66,Chhattisgarh,254,Durg
426,Uttar Pradesh,255,Aligarh
73,Chhattisgarh,257,Mahasamund
71,Chhattisgarh,258,Kawardha
63,Chhattisgarh,259,Bilaspur
454,Uttar Pradesh,260,Jhansi
68,Chhattisgarh,261,Janjgir
75,Chhattisgarh,262,Raigarh
72,Chhattisgarh,263,Korba
78,Chhattisgarh,264,Surajpur
61,Chhattisgarh,265,Ambikapur
466,Uttar Pradesh,266,Mahoba
469,Uttar Pradesh,266,Mau
69,Chhattisgarh,267,Jashpur
433,Uttar Pradesh,268,Banda
475,Uttar Pradesh,269,Orai
80,Daman and Diu,270,Daman
428,Uttar Pradesh,271,Auraiya
442,Uttar Pradesh,273,Etah
443,Uttar Pradesh,273,Etawah
90,Goa,274,Margao
467,Uttar Pradesh,275,Mainpuri
95,Gujarat,279,Bharuch
104,Gujarat,282,Kheda
100,Gujarat,283,Godhra
445,Uttar Pradesh,284,Fatehpur
98,Gujarat,287,Dahod
101,Gujarat,289,Himmatnagar
105,Gujarat,290,Mehsana
107,Gujarat,291,Palanpur
457,Uttar Pradesh,292,Kanpur
108,Gujarat,293,Patan
112,Gujarat,294,Surendranagar
93,Gujarat,296,Amreli
486,Uttar Pradesh,297,Unnao
103,Gujarat,298,Junagadh
102,Gujarat,301,Jamnagar
97,Gujarat,302,Bhuj
434,Uttar Pradesh,303,Barabanki
481,Uttar Pradesh,306,Saharanpur
174,Jharkhand,307,Seraikela
473,Uttar Pradesh,308,Muzaffarnagar
437,Uttar Pradesh,309,Bijnor
429,Uttar Pradesh,310,Bagpat
470,Uttar Pradesh,311,Meerut
439,Uttar Pradesh,312,Bulandshahr
128,Haryana,313,Rewari
124,Haryana,314,Nuh
125,Haryana,315,Palwal
119,Haryana,318,Jhajjar
115,Haryana,319,Bhiwani
129,Haryana,320,Rohtak
131,Haryana,321,Sonepat
118,Haryana,322,Hissar
120,Haryana,323,Jind
127,Haryana,324,Panipat
130,Haryana,325,Sirsa
117,Haryana,326,Fatehabad
121,Haryana,327,Kaithal
122,Haryana,328,Karnal
123,Haryana,329,Kurukshetra
132,Haryana,330,Yamuna Nagar
126,Haryana,332,Panchkula
179,Karnataka,333,Bidar
138,Himachal Pradesh,334,Nahan
140,Himachal Pradesh,335,Solan
133,Himachal Pradesh,337,Bilaspur
135,Himachal Pradesh,338,Hamirpur
137,Himachal Pradesh,339,Mandi
136,Himachal Pradesh,340,Kullu
134,Himachal Pradesh,342,Chamba
201,Karnataka,343,Yadgir
196,Karnataka,344,Raichur
197,Karnataka,344,Ramanagara
292,Maharashtra,346,Ratnagiri
293,Maharashtra,348,Sangli
175,Karnataka,349,Bagalkot
191,Karnataka,349,Kolar
294,Maharashtra,350,Satara
265,Maharashtra,351,Ahmednagar
270,Maharashtra,352,Beed
295,Maharashtra,353,Solapur
176,Karnataka,356,Ballari
284,Maharashtra,357,Nanded
289,Maharashtra,358,Parbhani
277,Maharashtra,359,Hingoli
192,Karnataka,360,Koppal
298,Maharashtra,361,Washim
269,Maharashtra,362,Aurangabad
279,Maharashtra,363,Jalna
272,Maharashtra,364,Buldhana
266,Maharashtra,365,Akola
268,Maharashtra,366,Amravati
278,Maharashtra,367,Jalgaon
185,Karnataka,368,Dharwad
274,Maharashtra,369,Dhule
267,Maharashtra,370,Alibag
189,Karnataka,371,Haveri
297,Maharashtra,374,Wardha
190,Karnataka,376,Karwar
184,Karnataka,378,Davangere
183,Karnataka,379,Chitradurga
198,Karnataka,380,Shimoga
181,Karnataka,381,Chickmagaluru
188,Karnataka,382,Hassan
200,Karnataka,383,Udupi
271,Maharashtra,386,Bhandara
273,Maharashtra,387,Chandrapur
275,Maharashtra,388,Gadchiroli
276,Maharashtra,389,Gondia
199,Karnataka,390,Tumakuru
182,Karnataka,391,Chikkaballapura
468,Uttar Pradesh,396,Mathura
458,Uttar Pradesh,408,Kasganj
472,Uttar Pradesh,410,Moradabad
479,Uttar Pradesh,412,Rampur
438,Uttar Pradesh,413,Budaun
435,Uttar Pradesh,415,Bareilly
476,Uttar Pradesh,417,Pilibhit
461,Uttar Pradesh,418,Lakhimpur Kheri
462,Uttar Pradesh,418,Lalitpur
484,Uttar Pradesh,420,Sitapur
430,Uttar Pradesh,421,Bahraich
180,Karnataka,422,Chamarajanagar
432,Uttar Pradesh,423,Balrampur
450,Uttar Pradesh,424,Gonda
444,Uttar Pradesh,425,Faizabad
436,Uttar Pradesh,426,Basti
482,Uttar Pradesh,427,Sant Kabir Nagar
483,Uttar Pradesh,427,Shahjahanpur
451,Uttar Pradesh,428,Gorakhpur
460,Uttar Pradesh,430,Kushinagar
217,Madhya Pradesh,432,Ashoknagar
478,Uttar Pradesh,433,Raebareli
243,Madhya Pradesh,434,Morena
447,Uttar Pradesh,435,Gauriganj
485,Uttar Pradesh,436,Sultanpur
227,Madhya Pradesh,437,Datia
425,Uttar Pradesh,438,Akbarpur
477,Uttar Pradesh,439,Pratapgarh
258,Madhya Pradesh,440,Shivpuri
459,Uttar Pradesh,441,Kaushambi
427,Uttar Pradesh,442,Allahabad
453,Uttar Pradesh,443,Jaunpur
431,Uttar Pradesh,445,Ballia
449,Uttar Pradesh,446,Ghazipur
480,Uttar Pradesh,447,Robertsganj
440,Uttar Pradesh,448,Chandauli
257,Madhya Pradesh,449,Sheopur
471,Uttar Pradesh,450,Mirzapur
487,Uttar Pradesh,451,Varanasi
231,Madhya Pradesh,452,Guna
261,Madhya Pradesh,453,Tikamgarh
233,Madhya Pradesh,454,Harda
246,Madhya Pradesh,455,Panna
251,Madhya Pradesh,456,Sagar
252,Madhya Pradesh,456,Satna
250,Madhya Pradesh,457,Rewa
259,Madhya Pradesh,458,Sidhi
260,Madhya Pradesh,459,Singrauli
255,Madhya Pradesh,460,Shahdol
224,Madhya Pradesh,461,Chhatarpur
89,Delhi,462,Vasant Vihar
86,Delhi,463,Sadar Bazar
88,Delhi,466,Shahdara
84,Delhi,467,Preet Vihar
85,Delhi,467,Rajouri Garden
241,Madhya Pradesh,468,Mandla
395,Tamil Nadu,469,Nagercoil
238,Madhya Pradesh,470,Katni
408,Tamil Nadu,471,Tirunelveli
412,Tamil Nadu,471,Vellore
236,Madhya Pradesh,472,Jabalpur
87,Delhi,473,Saket
406,Tamil Nadu,474,Thoothukudi
414,Tamil Nadu,475,Virudhunagar
404,Tamil Nadu,476,Theni
226,Madhya Pradesh,477,Damoh
393,Tamil Nadu,478,Madurai
402,Tamil Nadu,479,Sivaganga
389,Tamil Nadu,480,Dindigul
399,Tamil Nadu,482,Pudukkottai
263,Madhya Pradesh,483,Umaria
418,Telangana,484,Mahabubnagar
398,Tamil Nadu,485,Perambalur
419,Telangana,486,Nalgonda
384,Tamil Nadu,487,Ariyalur
417,Telangana,488,Khammam
422,Telangana,489,Warangal
416,Telangana,490,Karimnagar
420,Telangana,491,Nizamabad
407,Tamil Nadu,492,Tiruchirappalli
415,Telangana,493,Adilabad
421,Telangana,494,Sangareddy
403,Tamil Nadu,495,Thanjavur
411,Tamil Nadu,496,Tiruvarur
244,Madhya Pradesh,497,Narsinghpur
394,Tamil Nadu,498,Nagapattinam
264,Madhya Pradesh,499,Vidisha
392,Tamil Nadu,500,Karur
396,Tamil Nadu,501,Namakkal
239,Madhya Pradesh,502,Khandwa
401,Tamil Nadu,503,Salem
388,Tamil Nadu,504,Dharmapuri
253,Madhya Pradesh,505,Sehore
390,Tamil Nadu,506,Erode
409,Tamil Nadu,507,Tiruppur
234,Madhya Pradesh,508,Hoshangabad
386,Tamil Nadu,509,Coimbatore
397,Tamil Nadu,511,Ooty
387,Tamil Nadu,512,Cuddalore
220,Madhya Pradesh,513,Betul
413,Tamil Nadu,514,Viluppuram
410,Tamil Nadu,515,Tiruvannamalai
225,Madhya Pradesh,516,Chhindwara
254,Madhya Pradesh,518,Seoni
391,Tamil Nadu,519,Kanchipuram
405,Tamil Nadu,520,Thiruvallur
218,Madhya Pradesh,521,Balaghat
219,Madhya Pradesh,525,Barwani
216,Madhya Pradesh,526,Alirajpur
237,Madhya Pradesh,527,Jhabua
229,Madhya Pradesh,528,Dhar
223,Madhya Pradesh,531,Burhanpur
245,Madhya Pradesh,532,Neemuch
242,Madhya Pradesh,533,Mandsaur
240,Madhya Pradesh,534,Khargone
256,Madhya Pradesh,535,Shajapur
248,Madhya Pradesh,536,Rajgarh
62,Chhattisgarh,562,Bijapur
177,Karnataka,576,Belgaum
187,Karnataka,577,Gulbarga
355,Rajasthan,609,Barmer
368,Rajasthan,610,Jaisalmer
83,Delhi,657,Kanjhawala
400,Tamil Nadu,658,Ramanathapuram
455,Uttar Pradesh,659,Jyotiba Phule Nagar
456,Uttar Pradesh,659,Kannauj
464,Uttar Pradesh,660,Mahamaya Nagar
465,Uttar Pradesh,660,Maharajganj
141,Himachal Pradesh,661,Una
285,Maharashtra,662,Nandurbar
74,Chhattisgarh,664,Narayanpur
212,Kerala,665,Pandakkal
150,Jammu and Kashmir,668,Leh
148,Jammu and Kashmir,669,Kishtwar
149,Jammu and Kashmir,670,Kupwara
143,Jammu and Kashmir,671,Badgam
144,Jammu and Kashmir,672,Doda
151,Jammu and Kashmir,673,Poonch
152,Jammu and Kashmir,674,Rajauri
153,Jammu and Kashmir,676,Samba
142,Jammu and Kashmir,678,Anantnag
147,Jammu and Kashmir,679,Kathua
156,Jammu and Kashmir,680,Udhampur
